time,theta_deg
0,0
0.033366667,-0.001209033
0.066733333,-0.005401482
0.1001,-0.005729281
0.133466667,-0.010018429
0.166833333,-0.012680465
0.2002,-0.012640976
0.233566667,-0.012603509
0.266933333,-0.00990783
0.3003,-0.005297308
0.333666667,-0.002167628
0.367033333,0.004354036
0.4004,0.012911337
0.433766667,0.016237089
0.467133333,0.015446128
0.5005,0.017813657
0.533866667,0.019087245
0.567233333,0.017306909
0.6006,0.014290462
0.633966667,0.010955044
0.667333333,0.002325897
0.7007,0.001193645
0.734066667,-0.00548216
0.767433333,-0.007727097
0.8008,-0.012772827
0.834166667,-0.014944389
0.867533333,-0.014848262
0.9009,-0.013222331
0.934266667,-0.008413891
0.967633333,-0.004575193
1.001,-0.00306514
1.034366667,0.004540538
1.067733333,0.008130014
1.1011,0.011316208
1.134466667,0.013288134
1.167833333,0.012954146
1.2012,0.010680612
1.234566667,0.009547497
1.267933333,0.00876511
1.3013,0.005157089
1.334666667,0.001007069
1.368033333,-0.003431534
1.4014,-0.006637848
1.434766667,-0.008891594
1.468133333,-0.007242965
1.5015,-0.00791085
1.534866667,-0.007987305
1.568233333,-0.006081405
1.6016,-0.001451308
1.634966667,0.003397281
1.668333333,0.005911626
1.7017,0.006996006
1.735066667,0.008149706
1.768433333,0.008829023
1.8018,0.007365524
1.835166667,0.006441338
1.868533333,0.001908914
1.9019,0.00054218
1.935266667,-0.001884176
1.968633333,-0.002764097
2.002,-0.004879094
2.035366667,-0.007356178
2.068733333,-0.009829406
2.1021,-0.008979629
2.135466667,-0.007164239
2.168833333,-0.003021091
2.2022,0.000220867
2.235566667,0.001150513
2.268933333,0.00549133
2.3023,0.010760317
2.335666667,0.0112957
2.369033333,0.010969056
2.4024,0.009247509
2.435766667,0.005190789
2.469133333,0.003732707
2.5025,-0.003984008
2.535866667,-0.005832961
2.569233333,-0.0102115
2.6026,-0.012688166
2.635966667,-0.013965406
2.669333333,-0.011746402
2.7027,-0.00908278
2.736066667,-0.005142453
2.769433333,-0.002182192
2.8028,0.002944012
2.836166667,0.008955633
2.869533333,0.011085582
2.9029,0.01639296
2.936266667,0.01719374
2.969633333,0.014993539
3.003,0.013829579
3.036366667,0.013596212
3.069733333,0.009853904
3.1031,0.005544072
3.136466667,-0.000180664
3.169833333,-0.003850072
3.2032,-0.007170854
3.236566667,-0.009325044
3.269933333,-0.010511799
3.3033,-0.00961746
3.336666667,-0.007344132
3.370033333,-0.00726472
3.4034,-0.002796876
3.436766667,0.002293164
3.470133333,0.004296582
3.5035,0.009988338
3.536866667,0.011868635
3.570233333,0.014304163
3.6036,0.014278385
3.636966667,0.008793178
3.670333333,0.004228743
3.7037,0.000317774
3.737066667,-0.000631215
3.770433333,-0.00394504
3.8038,-0.00720065
3.837166667,-0.008973899
3.870533333,-0.009714749
3.9039,-0.007423421
3.937266667,-0.006251703
3.970633333,-0.004158639
4.004,0.000140038
4.037366667,0.003029873
4.070733333,0.007119669
4.1041,0.011382692
4.137466667,0.014184272
4.170833333,0.01424105
4.2042,0.012808156
4.237566667,0.011328327
4.270933333,0.009664197
4.3043,0.003903945
4.337666667,-0.001542873
4.371033333,-0.005109282
4.4044,-0.007776545
4.437766667,-0.010389876
4.471133333,-0.007826368
4.5045,-0.009761025
4.537866667,-0.005956166
4.571233333,-0.003207764
4.6046,0.002994285
4.637966667,0.008423192
4.671333333,0.010275385
4.7047,0.013379917
4.738066667,0.015711098
4.771433333,0.01703943
4.8048,0.017653094
4.838166667,0.018099777
4.871533333,0.013237568
4.9049,0.012932642
4.938266667,0.007034159
4.971633333,0.001626493
5.005,-0.002421895
5.038366667,-0.006679105
5.071733333,-0.007745324
5.1051,-0.009588597
5.138466667,-0.00725844
5.171833333,-0.003278387
5.2052,-0.001618072
5.238566667,0.001217973
5.271933333,0.006622566
5.3053,0.010227291
5.338666667,0.011476228
5.372033333,0.01447405
5.4054,0.013869036
5.438766667,0.012161385
5.472133333,0.012092791
5.5055,0.006999096
5.538866667,0.002751148
5.572233333,-0.000813578
5.6056,-0.005431572
5.638966667,-0.009884421
5.672333333,-0.013368833
5.7057,-0.015756851
5.739066667,-0.014852736
5.772433333,-0.013037973
5.8058,-0.006675237
5.839166667,-0.002071415
5.872533333,0.004557238
5.9059,0.009956188
5.939266667,0.014681818
5.972633333,0.0164263
6.006,0.017629549
6.039366667,0.019568065
6.072733333,0.015331904
6.1061,0.012734132
6.139466667,0.00997489
6.172833333,0.007666695
6.2062,0.001811077
6.239566667,-0.002180898
6.272933333,-0.008867831
6.3063,-0.010970046
6.339666667,-0.013938883
6.373033333,-0.012914896
6.4064,-0.010832269
6.439766667,-0.008433554
6.473133333,-0.005085779
6.5065,0.000855097
6.539866667,0.006037332
6.573233333,0.012284458
6.6066,0.015652574
6.639966667,0.012822386
6.673333333,0.008687764
6.7067,0.002644422
6.740066667,-0.002765838
6.773433333,-0.008661785
6.8068,-0.015987625
6.840166667,-0.018226199
6.873533333,-0.017564517
6.9069,-0.014589695
6.940266667,-0.008962589
6.973633333,-0.00175632
7.007,0.005590905
7.040366667,0.015715776
7.073733333,0.025380801
7.1071,0.031127198
7.140466667,0.037238948
7.173833333,0.04106254
7.2072,0.040825068
7.240566667,0.036988304
7.273933333,0.031384004
7.3073,0.021449305
7.340666667,0.006916671
7.374033333,-0.005135598
7.4074,-0.01855496
7.440766667,-0.02767073
7.474133333,-0.034835749
7.5075,-0.0382572
7.540866667,-0.037489535
7.574233333,-0.034339861
7.6076,-0.029178911
7.640966667,-0.021168036
7.674333333,-0.008243978
7.7077,0.006014328
7.741066667,0.017791505
7.774433333,0.025762551
7.8078,0.036468377
7.841166667,0.042347153
7.874533333,0.039950182
7.9079,0.040257192
7.941266667,0.037367798
7.974633333,0.026365452
8.008,0.018876556
8.041366667,0.007792947
8.074733333,-0.001487465
8.1081,-0.012170755
8.141466667,-0.017042458
8.174833333,-0.020357918
8.2082,-0.020387061
8.241566667,-0.020361056
8.274933333,-0.015723759
8.3083,-0.011722955
8.341666667,-0.005354859
8.375033333,0.00109444
8.4084,0.001587521
8.441766667,0.003714098
8.475133333,0.005274498
8.5085,0.005839505
8.541866667,0.004349941
8.575233333,0.002690186
8.6086,0.001254326
8.641966667,0.000601441
8.675333333,-0.000585564
8.7087,0.00144226
8.742066667,0.002324146
8.775433333,0.005074822
8.8088,0.01083046
8.842166667,0.018485098
8.875533333,0.024224993
8.9089,0.030263429
8.942266667,0.034105666
8.975633333,0.036630372
9.009,0.034956462
9.042366667,0.03301068
9.075733333,0.023007294
9.1091,0.010699998
9.142466667,-0.00226361
9.175833333,-0.015205201
9.2092,-0.029628517
9.242566667,-0.038898023
9.275933333,-0.045664558
9.3093,-0.051074791
9.342666667,-0.052414001
9.376033333,-0.047858425
9.4094,-0.038650861
9.442766667,-0.027425455
9.476133333,-0.012170852
9.5095,0.002556874
9.542866667,0.018911558
9.576233333,0.036420591
9.6096,0.046959719
9.642966667,0.053442235
9.676333333,0.060394428
9.7097,0.059338525
9.743066667,0.053377794
9.776433333,0.043154901
9.8098,0.031252343
9.843166667,0.017692795
9.876533333,0.004584825
9.9099,-0.008957069
9.943266667,-0.020408857
9.976633333,-0.023983377
10.01,-0.032012878
10.04336667,-0.032110197
10.07673333,-0.02972232
10.1101,-0.025480074
10.14346667,-0.017490523
10.17683333,-0.006418739
10.2102,0.004745414
10.24356667,0.016957461
10.27693333,0.028989286
10.3103,0.039065454
10.34366667,0.041421933
10.37703333,0.043740408
10.4104,0.041685359
10.44376667,0.034477045
10.47713333,0.022162211
10.5105,0.011046469
10.54386667,-0.002524897
10.57723333,-0.01166852
10.6106,-0.019991603
10.64396667,-0.026038978
10.67733333,-0.024294634
10.7107,-0.022583729
10.74406667,-0.014122946
10.77743333,-0.00373495
10.8108,0.009076004
10.84416667,0.021526342
10.87753333,0.032040934
10.9109,0.038735874
10.94426667,0.04475167
10.97763333,0.045861372
11.011,0.043420818
11.04436667,0.036824055
11.07773333,0.026104074
11.1111,0.01564371
11.14446667,0.003567128
11.17783333,-0.010225892
11.2112,-0.019263541
11.24456667,-0.02763613
11.27793333,-0.033373845
11.3113,-0.032158999
11.34466667,-0.022467366
11.37803333,0.004312852
11.4114,0.05653289
11.44476667,0.157565783
11.47813333,0.294179347
11.5115,0.467996802
11.54486667,0.647963658
11.57823333,0.823006854
11.6116,0.973605657
11.64496667,1.073739904
11.67833333,1.122593015
11.7117,1.128682621
11.74506667,1.109936516
11.77843333,1.088520736
11.8118,1.096209187
11.84516667,1.156803496
11.87853333,1.28994676
11.9119,1.53337638
11.94526667,1.842878595
11.97863333,2.26529849
12.012,2.777927796
12.04536667,3.347203772
12.07873333,3.958656389
12.1121,4.599559535
12.14546667,5.147730606
12.17883333,5.637303677
12.2122,5.993549827
12.24556667,6.178559616
12.27893333,6.175569033
12.3123,5.997576376
12.34566667,5.641771974
12.37903333,5.166674323
12.4124,4.620524698
12.44576667,4.100670532
12.47913333,3.568850397
12.5125,3.138302561
12.54586667,2.80400941
12.57923333,2.584439642
12.6126,2.507951348
12.64596667,2.542663884
12.67933333,2.68791249
12.7127,2.90844031
12.74606667,3.18986946
12.77943333,3.499101254
12.8128,3.826661472
12.84616667,4.127890859
12.87953333,4.400632701
12.9129,4.623081051
12.94626667,4.767807368
12.97963333,4.840157486
13.013,4.834183388
13.04636667,4.763835079
13.07973333,4.661185533
13.1131,4.531776158
13.14646667,4.387172137
13.17983333,4.238381819
13.2132,4.077394444
13.24656667,3.895360035
13.27993333,3.717432944
13.3133,3.529380025
13.34666667,3.358338216
13.38003333,3.203351305
13.4134,3.086438635
13.44676667,3.02376285
13.48013333,3.01340112
13.5135,3.055487205
13.54686667,3.147624993
13.58023333,3.281123736
13.6136,3.442823742
13.64696667,3.632837841
13.68033333,3.842835393
13.7137,4.052393787
13.74706667,4.238395071
13.78043333,4.385549842
13.8138,4.468741188
13.84716667,4.495924959
13.88053333,4.484229467
13.9139,4.436542536
13.94726667,4.367041144
13.98063333,4.26571052
14.014,4.159125627
14.04736667,4.044512403
14.08073333,3.921674914
14.1141,3.786647713
14.14746667,3.666613809
14.18083333,3.557657991
14.2142,3.465881797
14.24756667,3.38020329
14.28093333,3.3103665
14.3143,3.274645292
14.34766667,3.281183365
14.38103333,3.335551032
14.4144,3.44088423
14.44776667,3.567432257
14.48113333,3.726645131
14.5145,3.899830899
14.54786667,4.086876589
14.58123333,4.261068968
14.6146,4.416710826
14.64796667,4.540509366
14.68133333,4.616226029
14.7147,4.649441505
14.74806667,4.619693392
14.78143333,4.532552405
14.8148,4.401285935
14.84816667,4.228072456
14.88153333,4.038119457
14.9149,3.848387649
14.94826667,3.66196865
14.98163333,3.491799762
15.015,3.356348925
15.04836667,3.243657145
15.08173333,3.170989426
15.1151,3.131540916
15.14846667,3.129319242
15.18183333,3.165339381
15.2152,3.238825277
15.24856667,3.342578893
15.28193333,3.457053158
15.3153,3.579007998
15.34866667,3.716481043
15.38203333,3.866375133
15.4154,4.004024079
15.44876667,4.125447947
15.48213333,4.23927543
15.5155,4.334406077
15.54886667,4.402502859
15.58223333,4.44091731
15.6156,4.429917689
15.64896667,4.362143696
15.68233333,4.240510379
15.7157,4.090250043
15.74906667,3.922536592
15.78243333,3.739789645
15.8158,3.560515795
15.84916667,3.388538151
15.88253333,3.24050248
15.9159,3.130032582
15.94926667,3.079039092
15.98263333,3.091108446
16.016,3.155962211
16.04936667,3.272358218
16.08273333,3.425801977
16.1161,3.609282014
16.14946667,3.784451464
16.18283333,3.95142662
16.2162,4.09383234
16.24956667,4.199562523
16.28293333,4.261545436
16.3163,4.277423784
16.34966667,4.262718621
16.38303333,4.228071971
16.4164,4.17780116
16.44976667,4.122491981
16.48313333,4.074013096
16.5165,4.032038519
16.54986667,3.988555994
16.58323333,3.928255299
16.6166,3.849910878
16.64996667,3.762725359
16.68333333,3.675534818
16.7167,3.59260098
16.75006667,3.521612778
16.78343333,3.471818958
16.8168,3.44412469
16.85016667,3.443958582
16.88353333,3.465121472
16.9169,3.522652332
16.95026667,3.605357809
16.98363333,3.704003105
17.017,3.806294235
17.05036667,3.910958591
17.08373333,3.992204767
17.1171,4.038549829
17.15046667,4.043906903
17.18383333,3.99574593
17.2172,3.921561665
17.25056667,3.832110788
17.28393333,3.762167542
17.3173,3.731164426
17.35066667,3.742090994
17.38403333,3.803602998
17.4174,3.891343115
17.45076667,3.977721131
17.48413333,4.051164137
17.5175,4.117664236
17.55086667,4.163089255
17.58423333,4.169185523
17.6176,4.122943134
17.65096667,4.04020548
17.68433333,3.930715259
17.7177,3.814642384
17.75106667,3.705656151
17.78443333,3.632061044
17.8178,3.590465489
17.85116667,3.583614631
17.88453333,3.612365746
17.9179,3.67532192
17.95126667,3.755646167
17.98463333,3.826301424
18.018,3.893753146
18.05136667,3.917271408
18.08473333,3.901439315
18.1181,3.855987484
18.15146667,3.80626951
18.18483333,3.760514578
18.2182,3.73438928
18.25156667,3.734037451
18.28493333,3.769930989
18.3183,3.834713246
18.35166667,3.923315497
18.38503333,4.006449885
18.4184,4.070089655
18.45176667,4.098502236
18.48513333,4.064414433
18.5185,3.996457334
18.55186667,3.911610967
18.58523333,3.838866351
18.6186,3.785658636
18.65196667,3.753363323
18.68533333,3.742589102
18.7187,3.735229231
18.75206667,3.73230663
18.78543333,3.72481251
18.8188,3.703512844
18.85216667,3.666975388
18.88553333,3.622653242
18.9189,3.566865901
18.95226667,3.510788986
18.98563333,3.478254768
19.019,3.485195667
19.05236667,3.533084911
19.08573333,3.615478894
19.1191,3.720012297
19.15246667,3.844509338
19.18583333,3.967313627
19.2192,4.081019614
19.25256667,4.173369597
19.28593333,4.227840181
19.3193,4.240755708
19.35266667,4.211944927
19.38603333,4.143281776
19.4194,4.056233597
19.45276667,3.96270992
19.48613333,3.863899884
19.5195,3.775070296
19.55286667,3.693581534
19.58623333,3.601551722
19.6196,3.493793502
19.65296667,3.382636509
19.68633333,3.283057162
19.7197,3.205555104
19.75306667,3.172933304
19.78643333,3.188552326
19.8198,3.260135481
19.85316667,3.378455687
19.88653333,3.545989783
19.9199,3.750747209
19.95326667,3.95404612
19.98663333,4.145572647
20.02,4.292014609
20.05336667,4.382188782
20.08673333,4.411332194
20.1201,4.375898134
20.15346667,4.290609103
20.18683333,4.16094701
20.2202,4.008933523
20.25356667,3.852164311
20.28693333,3.714671222
20.3203,3.590448282
20.35366667,3.493657237
20.38703333,3.437310001
20.4204,3.411042206
20.45376667,3.414714393
20.48713333,3.444599326
20.5205,3.485435138
20.55386667,3.529806802
20.58723333,3.578594638
20.6206,3.630932502
20.65396667,3.686741209
20.68733333,3.726625345
20.7207,3.752319469
20.75406667,3.769706797
20.78743333,3.787966849
20.8208,3.828850329
20.85416667,3.877564812
20.88753333,3.937282363
20.9209,3.994452663
20.95426667,4.048382899
20.98763333,4.085250883
21.021,4.097014596
21.05436667,4.109729444
21.08773333,4.101248249
21.1211,4.074248012
21.15446667,4.017068825
21.18783333,3.940616587
21.2212,3.849303079
21.25456667,3.753403167
21.28793333,3.63792555
21.3213,3.456805755
21.35466667,3.191509007
21.38803333,2.799709456
21.4214,2.2731304
21.45476667,1.620856603
21.48813333,0.801066354
21.5215,-0.108571007
21.55486667,-1.074479014
21.58823333,-1.998481606
21.6216,-2.904327983
21.65496667,-3.671493542
21.68833333,-4.252154186
21.7217,-4.627616712
21.75506667,-4.734336181
21.78843333,-4.548769729
21.8218,-4.101979127
21.85516667,-3.350894824
21.88853333,-2.460005372
21.9219,-1.300647198
21.95526667,-0.202892782
21.98863333,1.021722786
22.022,2.109688245
22.05536667,3.109701255
22.08873333,3.896011216
22.1221,4.456092517
22.15546667,4.775717964
22.18883333,4.781764862
22.2222,4.46926322
22.25556667,3.949508875
22.28893333,3.168826171
22.3223,2.275535237
22.35566667,1.251778217
22.38903333,0.166770155
22.4224,-0.856077245
22.45576667,-1.777628534
22.48913333,-2.577774392
22.5225,-3.215142404
22.55586667,-3.565707837
22.58923333,-3.727350933
22.6226,-3.650379283
22.65596667,-3.344137294
22.68933333,-2.907679432
22.7227,-2.287390389
22.75606667,-1.571184197
22.78943333,-0.87844228
22.8228,-0.117849464
22.85616667,0.547919013
22.88953333,1.170577632
22.9229,1.683671579
22.95626667,2.049016928
22.98963333,2.261777569
23.023,2.338547838
23.05636667,2.273035946
23.08973333,2.082340051
23.1231,1.801574551
23.15646667,1.417450271
23.18983333,1.010135172
23.2232,0.586041585
23.25656667,0.132729472
23.28993333,-0.258022048
23.3233,-0.614537485
23.35666667,-0.904272607
23.39003333,-1.093556144
23.4234,-1.211971083
23.45676667,-1.251726545
23.49013333,-1.221601168
23.5235,-1.129374216
23.55686667,-0.984892609
23.59023333,-0.805350648
23.6236,-0.601225521
23.65696667,-0.393765744
23.69033333,-0.187751014
23.7237,-0.005040696
23.75706667,0.141078061
23.79043333,0.252693231
23.8238,0.332388881
23.85716667,0.379631206
23.89053333,0.402958046
23.9239,0.403953019
23.95726667,0.392175738
23.99063333,0.369549795
24.024,0.340564154
24.05736667,0.305219193
24.09073333,0.272101729
24.1241,0.240716298
24.15746667,0.220352317
24.19083333,0.196656184
24.2242,0.171137352
24.25756667,0.141962179
24.29093333,0.100300214
24.3243,0.046827152
24.35766667,-0.013326693
24.39103333,-0.080494797
24.4244,-0.153514055
24.45776667,-0.228899724
24.49113333,-0.302691185
24.5245,-0.367870376
24.55786667,-0.425270988
24.59123333,-0.46583121
24.6246,-0.48612817
24.65796667,-0.481866574
24.69133333,-0.449267939
24.7247,-0.390078096
24.75806667,-0.305946287
24.79143333,-0.205399686
24.8248,-0.09229265
24.85816667,0.026667391
24.89153333,0.146992573
24.9249,0.265899104
24.95826667,0.365136651
24.99163333,0.444194647
25.025,0.500230131
25.05836667,0.521501764
25.09173333,0.50973596
25.1251,0.465146929
25.15846667,0.386091503
25.19183333,0.291722064
25.2252,0.180433681
25.25856667,0.055031833
25.29193333,-0.076978778
25.3253,-0.207873465
25.35866667,-0.320490381
25.39203333,-0.417825623
25.4254,-0.488720538
25.45876667,-0.527102824
25.49213333,-0.535433046
25.5255,-0.518877864
25.55886667,-0.469769559
25.59223333,-0.394803926
25.6256,-0.304599479
25.65896667,-0.198409107
25.69233333,-0.078918443
25.7257,0.032420577
25.75906667,0.138004948
25.79243333,0.225301374
25.8258,0.297919147
25.85916667,0.346873407
25.89253333,0.373081959
25.9259,0.379019491
25.95926667,0.360051946
25.99263333,0.319292219
26.026,0.263231048
26.05936667,0.194133553
26.09273333,0.112536006
26.1261,0.029572037
26.15946667,-0.054334916
26.19283333,-0.127099815
26.2262,-0.194906386
26.25956667,-0.247188243
26.29293333,-0.283030973
26.3263,-0.301210682
26.35966667,-0.305792486
26.39303333,-0.301132057
26.4264,-0.276497118
26.45976667,-0.238993574
26.49313333,-0.191507733
26.5265,-0.137630026
26.55986667,-0.08561512
26.59323333,-0.032597612
26.6266,0.020762355
26.65996667,0.064217994
26.69333333,0.099217448
26.7267,0.127732854
26.76006667,0.147965841
26.79343333,0.158649251
26.8268,0.16340945
26.86016667,0.152246589
26.89353333,0.132426785
26.9269,0.10730257
26.96026667,0.076053056
26.99363333,0.05008978
27.027,0.016901808
27.06036667,-0.016324635
27.09373333,-0.049058429
27.1271,-0.080098634
27.16046667,-0.10496836
27.19383333,-0.128296347
27.2272,-0.14729567
27.26056667,-0.162596712
27.29393333,-0.167971782
27.3273,-0.166155803
27.36066667,-0.157848264
27.39403333,-0.143045855
27.4274,-0.124829826
27.46076667,-0.10217436
27.49413333,-0.075454681
27.5275,-0.046269321
27.56086667,-0.013765037
27.59423333,0.012565133
27.6276,0.036889964
27.66096667,0.060520171
27.69433333,0.078293157
27.7277,0.093186318
27.76106667,0.103820287
27.79443333,0.104001254
27.8278,0.099959589
27.86116667,0.087900418
27.89453333,0.071655916
27.9279,0.046551604
27.96126667,0.01821609
27.99463333,-0.01332371
28.028,-0.041575119
28.06136667,-0.068862411
28.09473333,-0.097560781
28.1281,-0.118306588
28.16146667,-0.13436525
28.19483333,-0.144728442
28.2282,-0.147364787
28.26156667,-0.14477179
28.29493333,-0.133529674
28.3283,-0.115216749
28.36166667,-0.091841215
28.39503333,-0.066358162
28.4284,-0.036904713
28.46176667,-0.010978696
28.49513333,0.015330643
28.5285,0.039988579
28.56186667,0.055684658
28.59523333,0.06925223
28.6286,0.078118823
28.66196667,0.078741801
28.69533333,0.074528919
28.7287,0.059402135
28.76206667,0.043068718
28.79543333,0.024405697
28.8288,0.00637362
28.86216667,-0.017866337
28.89553333,-0.039688997
28.9289,-0.060273447
28.96226667,-0.076656184
28.99563333,-0.090462082
29.029,-0.101668692
29.06236667,-0.108892372
29.09573333,-0.109265919
29.1291,-0.102540073
29.16246667,-0.094294859
29.19583333,-0.080178363
29.2292,-0.068846428
29.26256667,-0.056259236
29.29593333,-0.035929547
29.3293,-0.016878058
29.36266667,-0.005105179
29.39603333,0.009067604
29.4294,0.017434334
29.46276667,0.028321057
29.49613333,0.036096533
29.5295,0.036723022
29.56286667,0.033522368
29.59623333,0.025798724
29.6296,0.020638104
29.66296667,0.014312738
29.69633333,0.002051471
29.7297,-0.011659183
29.76306667,-0.026957678
29.79643333,-0.035234248
29.8298,-0.047459136
29.86316667,-0.059127874
29.89653333,-0.064811478
29.9299,-0.076619756
29.96326667,-0.077332889
29.99663333,-0.078386715
30.03,-0.078548259
30.06336667,-0.071994879
30.09673333,-0.064822988
30.1301,-0.054230115
30.16346667,-0.044952212
30.19683333,-0.03249715
30.2302,-0.02146828
30.26356667,-0.010402118
30.29693333,-0.000164131
30.3303,0.005766743
30.36366667,0.010694603
30.39703333,0.015522084
30.4304,0.018609176
30.46376667,0.015495595
30.49713333,0.006603549
30.5305,-0.000829071
30.56386667,-0.008980369
30.59723333,-0.01685509
30.6306,-0.026257173
30.66396667,-0.035975909
30.69733333,-0.047048356
30.7307,-0.05310149
30.76406667,-0.057728688
30.79743333,-0.058777019
30.8308,-0.064104831
30.86416667,-0.06435515
30.89753333,-0.063230022
30.9309,-0.059978392
30.96426667,-0.052102159
30.99763333,-0.043764079
31.031,-0.038619543
31.06436667,-0.03519807
31.09773333,-0.026670222
31.1311,-0.017491529
31.16446667,-0.011841447
31.19783333,-0.006339854
31.2312,-0.004494596
31.26456667,-0.002428174
31.29793333,0.001271323
31.3313,0.002804615
31.36466667,-0.002119427
31.39803333,-0.006543514
31.4314,-0.012395622
31.46476667,-0.012381955
31.49813333,-0.015874234
31.5315,-0.024172509
31.56486667,-0.031641619
31.59823333,-0.041210091
31.6316,-0.042795607
31.66496667,-0.046555945
31.69833333,-0.050727741
31.7317,-0.053831756
31.76506667,-0.059312799
31.79843333,-0.055495305
31.8318,-0.051420337
31.86516667,-0.048977053
31.89853333,-0.045870717
31.9319,-0.042201992
31.96526667,-0.031418948
31.99863333,-0.022266872
32.032,-0.021700744
32.06536667,-0.013389668
32.09873333,-0.010457742
32.1321,-0.005551437
32.16546667,-0.005322376
32.19883333,-0.005900856
32.2322,-0.006493585
32.26556667,-0.011399792
32.29893333,-0.017146026
32.3323,-0.020340408
32.36566667,-0.027586375
32.39903333,-0.034406322
32.4324,-0.04186493
32.46576667,-0.045267625
32.49913333,-0.046225973
32.5325,-0.049904396
32.56586667,-0.050126296
32.59923333,-0.048239383
32.6326,-0.047134392
32.66596667,-0.043504112
32.69933333,-0.042317016
32.7327,-0.037643709
32.76606667,-0.033259982
32.79943333,-0.028502911
32.8328,-0.0256406
32.86616667,-0.02326462
32.89953333,-0.021076027
32.9329,-0.018796982
32.96626667,-0.018317805
32.99963333,-0.016087711
33.033,-0.0166743
33.06636667,-0.018912479
33.09973333,-0.019576679
33.1331,-0.020926067
33.16646667,-0.020217931
33.19983333,-0.022339531
33.2332,-0.025201414
33.26656667,-0.025947638
33.29993333,-0.025805121
33.3333,-0.025129275
33.36666667,-0.030896347
33.40003333,-0.034062024
33.4334,-0.036203778
33.46676667,-0.037989012
33.50013333,-0.038537475
33.5335,-0.041836645
33.56686667,-0.043876326
33.60023333,-0.043260372
33.6336,-0.041978873
33.66696667,-0.041929825
33.70033333,-0.037127694
33.7337,-0.037480956
33.76706667,-0.032633187
33.80043333,-0.031479305
33.8338,-0.026724516
33.86716667,-0.025804988
33.90053333,-0.022313052
33.9339,-0.021107621
33.96726667,-0.019071657
34.00063333,-0.018542711
34.034,-0.019475331
34.06736667,-0.021508145
34.10073333,-0.025382919
34.1341,-0.028157742
34.16746667,-0.028965776
34.20083333,-0.03339189
34.2342,-0.03773531
34.26756667,-0.040309069
34.30093333,-0.042363011
34.3343,-0.040690505
34.36766667,-0.039512451
34.40103333,-0.039473034
34.4344,-0.038177592
34.46776667,-0.03426313
34.50113333,-0.034013466
34.5345,-0.031076348
34.56786667,-0.026969519
34.60123333,-0.026378074
34.6346,-0.023696176
34.66796667,-0.023780048
34.70133333,-0.02401421
34.7347,-0.025392806
34.76806667,-0.02663726
34.80143333,-0.026968496
34.8348,-0.028383621
34.86816667,-0.028731446
34.90153333,-0.030184293
34.9349,-0.030542204
34.96826667,-0.028108438
35.00163333,-0.026191883
35.035,-0.030537287
35.06836667,-0.030677461
35.10173333,-0.028711756
35.1351,-0.030676452
35.16846667,-0.029244494
35.20183333,-0.030517123
35.2352,-0.032466868
35.26856667,-0.033086496
35.30193333,-0.034149958
35.3353,-0.035135958
35.36866667,-0.036173574
35.40203333,-0.036709277
35.4354,-0.038509986
35.46876667,-0.038180496
35.50213333,-0.03783317
35.5355,-0.037101692
35.56886667,-0.035900232
35.60223333,-0.03374161
35.6356,-0.029774284
35.66896667,-0.029253466
35.70233333,-0.027367292
35.7357,-0.025128478
35.76906667,-0.02457117
35.80243333,-0.025976782
35.8358,-0.022962997
35.86916667,-0.026384448
35.90253333,-0.026202344
35.9359,-0.026637114
35.96926667,-0.027545415
36.00263333,-0.029599239
36.036,-0.034205011
36.06936667,-0.03557159
36.10273333,-0.036443623
36.1361,-0.035117452
36.16946667,-0.034930569
36.20283333,-0.033425931
36.2362,-0.032004865
36.26956667,-0.028721427
36.30293333,-0.025102496
36.3363,-0.025111198
36.36966667,-0.023248318
36.40303333,-0.023342069
36.4364,-0.02175503
36.46976667,-0.023310024
36.50313333,-0.023935367
36.5365,-0.024467905
36.56986667,-0.025922446
36.60323333,-0.027668696
36.6366,-0.027085578
36.66996667,-0.031110928
36.70333333,-0.030368415
36.7367,-0.032650869
36.77006667,-0.031785275
36.80343333,-0.031369437
36.8368,-0.030088628
36.87016667,-0.029000157
36.90353333,-0.027197726
36.9369,-0.024374707
36.97026667,-0.023358575
37.00363333,-0.02253276
37.037,-0.022784539
37.07036667,-0.023632613
37.10373333,-0.024492151
37.1371,-0.026930752
37.17046667,-0.026076133
37.20383333,-0.028063081
37.2372,-0.028026997
37.27056667,-0.029721152
37.30393333,-0.030984488
37.3373,-0.032313006
37.37066667,-0.03183403
37.40403333,-0.030223304
37.4374,-0.029138828
37.47076667,-0.027932208
37.50413333,-0.026846295
37.5375,-0.02738036
37.57086667,-0.027039578
37.60423333,-0.026509277
37.6376,-0.027222896
37.67096667,-0.028668265
37.70433333,-0.028732993
37.7377,-0.030738845
37.77106667,-0.030547661
37.80443333,-0.032968469
37.8378,-0.034593346
37.87116667,-0.034857055
37.90453333,-0.034817711
37.9379,-0.034365286
37.97126667,-0.030401848
38.00463333,-0.032619479
38.038,-0.030642805
38.07136667,-0.02848166
38.10473333,-0.025392776
38.1381,-0.024062615
38.17146667,-0.022103658
38.20483333,-0.020855363
38.2382,-0.021771576
38.27156667,-0.021820905
38.30493333,-0.023432388
38.3383,-0.026684758
38.37166667,-0.026562157
38.40503333,-0.030450687
38.4384,-0.031138963
38.47176667,-0.033761411
38.50513333,-0.03466
38.5385,-0.036617356
38.57186667,-0.036746013
38.60523333,-0.037416261
38.6386,-0.03714408
38.67196667,-0.035584759
38.70533333,-0.033523111
38.7387,-0.032132588
38.77206667,-0.03058155
38.80543333,-0.030306706
38.8388,-0.029411034
38.87216667,-0.028905544
38.90553333,-0.029645565
38.9389,-0.029077514
38.97226667,-0.029976857
39.00563333,-0.031337697
39.039,-0.032023399
39.07236667,-0.033204667
39.10573333,-0.032872356
39.1391,-0.03266319
39.17246667,-0.032696405
39.20583333,-0.03189641
39.2392,-0.029038753
39.27256667,-0.028760832
39.30593333,-0.027615148
39.3393,-0.026590028
39.37266667,-0.026444336
39.40603333,-0.024643025
39.4394,-0.023931329
39.47276667,-0.022389663
39.50613333,-0.02347766
39.5395,-0.024160369
39.57286667,-0.02663982
39.60623333,-0.029935009
39.6396,-0.031195945
39.67296667,-0.032689201
39.70633333,-0.031142767
39.7397,-0.030881385
39.77306667,-0.029202835
39.80643333,-0.028757478
39.8398,-0.026975012
39.87316667,-0.025234309
39.90653333,-0.023741132
39.9399,-0.021559292
39.97326667,-0.020467207
40.00663333,-0.018386042
40.04,-0.018572546
40.07336667,-0.019971378
40.10673333,-0.022047456
40.1401,-0.023723639
40.17346667,-0.025583557
40.20683333,-0.026746407
40.2402,-0.029453792
40.27356667,-0.032062798
40.30693333,-0.03275227
40.3403,-0.034072134
40.37366667,-0.034776713
40.40703333,-0.034721531
40.4404,-0.032908329
40.47376667,-0.032589915
40.50713333,-0.0320282
40.5405,-0.029340566
40.57386667,-0.027881957
40.60723333,-0.026963885
40.6406,-0.026999334
40.67396667,-0.02679872
40.70733333,-0.026065304
40.7407,-0.026555641
40.77406667,-0.026798615
40.80743333,-0.027711604
40.8408,-0.027107113
40.87416667,-0.02759116
40.90753333,-0.028788822
40.9409,-0.027583721
40.97426667,-0.026982372
41.00763333,-0.026160759
41.041,-0.025247474
41.07436667,-0.025409528
41.10773333,-0.023787045
41.1411,-0.022558408
41.17446667,-0.023461804
41.20783333,-0.022035938
41.2412,-0.021642202
41.27456667,-0.020491574
41.30793333,-0.02102597
41.3413,-0.024065594
41.37466667,-0.024305086
41.40803333,-0.023826653
41.4414,-0.025658677
41.47476667,-0.027800768
41.50813333,-0.028147654
41.5415,-0.029468784
41.57486667,-0.030204735
41.60823333,-0.029302057
41.6416,-0.028176642
41.67496667,-0.026770718
41.70833333,-0.025540075
41.7417,-0.02410233
41.77506667,-0.02408152
41.80843333,-0.023821713
41.8418,-0.021807813
41.87516667,-0.023245798
41.90853333,-0.024045906
41.9419,-0.025009262
41.97526667,-0.025370526
42.00863333,-0.024881667
42.042,-0.029631457
42.07536667,-0.029166888
42.10873333,-0.028450353
42.1421,-0.028364632
42.17546667,-0.02802688
42.20883333,-0.026446593
42.2422,-0.025751953
42.27556667,-0.026181213
42.30893333,-0.024973474
42.3423,-0.024111087
42.37566667,-0.023918598
42.40903333,-0.026184416
42.4424,-0.024325118
42.47576667,-0.023551935
42.50913333,-0.024608056
42.5425,-0.025810775
42.57586667,-0.026642831
42.60923333,-0.0271518
42.6426,-0.028272854
42.67596667,-0.029336266
42.70933333,-0.029986647
42.7427,-0.027146311
42.77606667,-0.027593242
42.80943333,-0.026717014
42.8428,-0.025773326
42.87616667,-0.02348442
42.90953333,-0.022296073
42.9429,-0.021416977
42.97626667,-0.019834675
43.00963333,-0.019415908
43.043,-0.018695557
43.07636667,-0.019500566
43.10973333,-0.019002828
43.1431,-0.020115401
43.17646667,-0.021863604
43.20983333,-0.023829535
43.2432,-0.025287191
43.27656667,-0.025818519
43.30993333,-0.027169925
43.3433,-0.026406225
43.37666667,-0.026841481
43.41003333,-0.027222091
43.4434,-0.027238177
43.47676667,-0.025708002
43.51013333,-0.025111204
43.5435,-0.023510043
43.57686667,-0.022596236
43.61023333,-0.020966607
43.6436,-0.020856419
43.67696667,-0.020174065
43.71033333,-0.020140117
43.7437,-0.021332146
43.77706667,-0.02334723
43.81043333,-0.022966653
43.8438,-0.024941241
43.87716667,-0.026042373
43.91053333,-0.026094682
43.9439,-0.027039643
43.97726667,-0.026184924
44.01063333,-0.026064378
44.044,-0.025862825
44.07736667,-0.023694355
44.11073333,-0.0235748
44.1441,-0.022160385
44.17746667,-0.020352846
44.21083333,-0.022125583
44.2442,-0.021543107
44.27756667,-0.021686605
44.31093333,-0.024071132
44.3443,-0.024875717
44.37766667,-0.027573084
44.41103333,-0.029182961
44.4444,-0.032010782
44.47776667,-0.033781896
44.51113333,-0.035719202
44.5445,-0.035742223
44.57786667,-0.03577464
44.61123333,-0.034687111
44.6446,-0.033557655
44.67796667,-0.030861052
44.71133333,-0.027034091
44.7447,-0.02464164
44.77806667,-0.022353901
44.81143333,-0.02118448
44.8448,-0.020346561
44.87816667,-0.021137617
44.91153333,-0.020122654
44.9449,-0.020571308
44.97826667,-0.021695841
45.01163333,-0.024439642
45.045,-0.026404987
45.07836667,-0.026870356
45.11173333,-0.029879982
45.1451,-0.03053399
45.17846667,-0.032344504
45.21183333,-0.031714473
45.2452,-0.03155443
45.27856667,-0.031374393
45.31193333,-0.029827188
45.3453,-0.029063836
45.37866667,-0.028246504
45.41203333,-0.027778232
45.4454,-0.025951181
45.47876667,-0.024748768
45.51213333,-0.025608039
45.5455,-0.025577314
45.57886667,-0.02644787
45.61223333,-0.028762698
45.6456,-0.030243336
45.67896667,-0.030898939
45.71233333,-0.031758865
45.7457,-0.032306729
45.77906667,-0.032741573
45.81243333,-0.032282204
45.8458,-0.030165096
45.87916667,-0.029568676
45.91253333,-0.027961734
45.9459,-0.026783352
45.97926667,-0.025932833
46.01263333,-0.023575881
46.046,-0.023486495
46.07936667,-0.023165757
46.11273333,-0.024637442
46.1461,-0.024788157
46.17946667,-0.025129276
46.21283333,-0.026067791
46.2462,-0.027160355
46.27956667,-0.029803043
46.31293333,-0.031065631
46.3463,-0.032316489
46.37966667,-0.032459584
46.41303333,-0.033311584
46.4464,-0.032562978
46.47976667,-0.031707448
46.51313333,-0.029561156
46.5465,-0.027668102
46.57986667,-0.025772148
46.61323333,-0.026148568
46.6466,-0.02549906
46.67996667,-0.024606009
46.71333333,-0.024374146
46.7467,-0.024837366
46.78006667,-0.026091986
46.81343333,-0.026538092
46.8468,-0.027906178
46.88016667,-0.03006117
46.91353333,-0.02981128
46.9469,-0.029599306
46.98026667,-0.028841862
47.01363333,-0.028011418
47.047,-0.026924449
47.08036667,-0.026213169
47.11373333,-0.024408774
47.1471,-0.021070311
47.18046667,-0.020567337
47.21383333,-0.019929677
47.2472,-0.019622348
47.28056667,-0.020426743
47.31393333,-0.020382531
47.3473,-0.021483195
47.38066667,-0.022906055
47.41403333,-0.024744531
47.4474,-0.025821376
47.48076667,-0.026343179
47.51413333,-0.030492991
47.5475,-0.030676667
47.58086667,-0.031374808
47.61423333,-0.030360624
47.6476,-0.031387048
47.68096667,-0.028354512
47.71433333,-0.025931747
47.7477,-0.025389638
47.78106667,-0.025369642
47.81443333,-0.022948759
47.8478,-0.021924434
47.88116667,-0.021358496
47.91453333,-0.021540912
47.9479,-0.021375504
47.98126667,-0.022381092
48.01463333,-0.023953972
48.048,-0.025359054
48.08136667,-0.026719633
48.11473333,-0.026197214
48.1481,-0.026950396
48.18146667,-0.027454358
48.21483333,-0.027402723
48.2482,-0.026841122
48.28156667,-0.026435687
48.31493333,-0.026172263
48.3483,-0.024184484
48.38166667,-0.022383173
48.41503333,-0.02233508
48.4484,-0.02294734
48.48176667,-0.022663147
48.51513333,-0.02297644
48.5485,-0.022158123
48.58186667,-0.022802834
48.61523333,-0.024297342
48.6486,-0.024255653
48.68196667,-0.02581923
48.71533333,-0.026316792
48.7487,-0.025771955
48.78206667,-0.025638458
48.81543333,-0.025405165
48.8488,-0.026758537
48.88216667,-0.024365432
48.91553333,-0.024087835
48.9489,-0.023514056
48.98226667,-0.023733276
49.01563333,-0.023065984
49.049,-0.023041493
49.08236667,-0.023007229
49.11573333,-0.02399782
49.1491,-0.024035075
49.18246667,-0.024231305
49.21583333,-0.026112214
49.2492,-0.027018168
49.28256667,-0.02951354
49.31593333,-0.029878496
49.3493,-0.031127056
49.38266667,-0.029856084
49.41603333,-0.030328489
49.4494,-0.029476207
49.48276667,-0.02785762
49.51613333,-0.026134889
49.5495,-0.02572899
49.58286667,-0.024568746
49.61623333,-0.023512642
49.6496,-0.024619382
49.68296667,-0.023412935
49.71633333,-0.022628926
49.7497,-0.023696166
49.78306667,-0.025623496
49.81643333,-0.026957638
49.8498,-0.02849735
49.88316667,-0.028787914
49.91653333,-0.029662865
49.9499,-0.030833283
49.98326667,-0.02987914
50.01663333,-0.029059836
50.05,-0.028274365
50.08336667,-0.027242593
50.11673333,-0.026137826
50.1501,-0.021533457
50.18346667,-0.019243903
50.21683333,-0.019145298
50.2502,-0.019016567
50.28356667,-0.01907133
50.31693333,-0.017956821
50.3503,-0.018548935
50.38366667,-0.020265179
50.41703333,-0.020643348
50.4504,-0.02051172
50.48376667,-0.022775096
50.51713333,-0.025315878
50.5505,-0.023346564
50.58386667,-0.02308901
50.61723333,-0.019892701
50.6506,-0.011389846
50.68396667,-0.009762933
50.71733333,-0.008274139
50.7507,-0.006682423
50.78406667,-0.005026499
50.81743333,-0.007980686
50.8508,-0.007230664
50.88416667,-0.009181938
50.91753333,-0.010451253
50.9509,-0.014712926
50.98426667,-0.018137206
51.01763333,-0.020080977
